row,col,lon_center,lat_center,lon_left,lon_right,lat_bottom,lat_top,population_density
195,188,98.91958295,18.83708346,98.91541628,98.92374962,18.83291679,18.84125012,64.173393
195,189,98.92791628,18.83708346,98.92374962,98.93208295,18.83291679,18.84125012,66.571877
195,190,98.93624962,18.83708346,98.93208295,98.94041628,18.83291679,18.84125012,106.855759
195,191,98.94458295,18.83708346,98.94041628,98.94874962,18.83291679,18.84125012,213.222855
195,192,98.95291628,18.83708346,98.94874962,98.95708295,18.83291679,18.84125012,679.888062
195,194,98.96958295,18.83708346,98.96541628,98.97374961,18.83291679,18.84125012,2041.943359
195,195,98.97791628,18.83708346,98.97374961,98.98208295,18.83291679,18.84125012,2710.523926
195,196,98.98624961,18.83708346,98.98208295,98.99041628,18.83291679,18.84125012,2273.181641
196,182,98.86958295,18.82875013,98.86541628,98.87374962,18.82458346,18.83291679,37.985439
196,183,98.87791628,18.82875013,98.87374962,98.88208295,18.82458346,18.83291679,42.928646
196,184,98.88624962,18.82875013,98.88208295,98.89041628,18.82458346,18.83291679,53.046398
196,185,98.89458295,18.82875013,98.89041628,98.89874962,18.82458346,18.83291679,64.907288
196,186,98.90291628,18.82875013,98.89874962,98.90708295,18.82458346,18.83291679,70.619408
196,187,98.91124962,18.82875013,98.90708295,98.91541628,18.82458346,18.83291679,72.650810
196,188,98.91958295,18.82875013,98.91541628,98.92374962,18.82458346,18.83291679,75.784012
196,189,98.92791628,18.82875013,98.92374962,98.93208295,18.82458346,18.83291679,86.914520
196,190,98.93624962,18.82875013,98.93208295,98.94041628,18.82458346,18.83291679,131.295822
196,191,98.94458295,18.82875013,98.94041628,98.94874962,18.82458346,18.83291679,275.539246
196,192,98.95291628,18.82875013,98.94874962,98.95708295,18.82458346,18.83291679,840.689575
196,193,98.96124961,18.82875013,98.95708295,98.96541628,18.82458346,18.83291679,2052.419678
196,194,98.96958295,18.82875013,98.96541628,98.97374961,18.82458346,18.83291679,1302.543701
196,195,98.97791628,18.82875013,98.97374961,98.98208295,18.82458346,18.83291679,2180.068115
196,196,98.98624961,18.82875013,98.98208295,98.99041628,18.82458346,18.83291679,1908.772217
196,197,98.99458295,18.82875013,98.99041628,98.99874961,18.82458346,18.83291679,1463.746338
197,182,98.86958295,18.82041679,98.86541628,98.87374962,18.81625013,18.82458346,44.378490
197,183,98.87791628,18.82041679,98.87374962,98.88208295,18.81625013,18.82458346,55.785629
197,184,98.88624962,18.82041679,98.88208295,98.89041628,18.81625013,18.82458346,70.234352
197,185,98.89458295,18.82041679,98.89041628,98.89874962,18.81625013,18.82458346,79.813492
197,186,98.90291628,18.82041679,98.89874962,98.90708295,18.81625013,18.82458346,81.103065
197,187,98.91124962,18.82041679,98.90708295,98.91541628,18.81625013,18.82458346,86.899055
197,188,98.91958295,18.82041679,98.91541628,98.92374962,18.81625013,18.82458346,90.899803
197,189,98.92791628,18.82041679,98.92374962,98.93208295,18.81625013,18.82458346,117.998856
197,190,98.93624962,18.82041679,98.93208295,98.94041628,18.81625013,18.82458346,190.240799
197,191,98.94458295,18.82041679,98.94041628,98.94874962,18.81625013,18.82458346,396.517395
197,192,98.95291628,18.82041679,98.94874962,98.95708295,18.81625013,18.82458346,988.776367
197,193,98.96124961,18.82041679,98.95708295,98.96541628,18.81625013,18.82458346,2124.169189
197,194,98.96958295,18.82041679,98.96541628,98.97374961,18.81625013,18.82458346,2001.152344
197,195,98.97791628,18.82041679,98.97374961,98.98208295,18.81625013,18.82458346,2535.793945
197,196,98.98624961,18.82041679,98.98208295,98.99041628,18.81625013,18.82458346,2367.672852
197,197,98.99458295,18.82041679,98.99041628,98.99874961,18.81625013,18.82458346,2207.677979
198,182,98.86958295,18.81208346,98.86541628,98.87374962,18.80791679,18.81625013,54.494659
198,183,98.87791628,18.81208346,98.87374962,98.88208295,18.80791679,18.81625013,67.236702
198,184,98.88624962,18.81208346,98.88208295,98.89041628,18.80791679,18.81625013,85.429520
198,185,98.89458295,18.81208346,98.89041628,98.89874962,18.80791679,18.81625013,142.889282
198,186,98.90291628,18.81208346,98.89874962,98.90708295,18.80791679,18.81625013,138.235825
198,187,98.91124962,18.81208346,98.90708295,98.91541628,18.80791679,18.81625013,148.865509
198,188,98.91958295,18.81208346,98.91541628,98.92374962,18.80791679,18.81625013,149.915100
198,189,98.92791628,18.81208346,98.92374962,98.93208295,18.80791679,18.81625013,149.110504
198,190,98.93624962,18.81208346,98.93208295,98.94041628,18.80791679,18.81625013,256.834534
198,191,98.94458295,18.81208346,98.94041628,98.94874962,18.80791679,18.81625013,602.363831
198,192,98.95291628,18.81208346,98.94874962,98.95708295,18.80791679,18.81625013,2020.702026
198,193,98.96124961,18.81208346,98.95708295,98.96541628,18.80791679,18.81625013,3234.185791
198,194,98.96958295,18.81208346,98.96541628,98.97374961,18.80791679,18.81625013,3570.426025
198,195,98.97791628,18.81208346,98.97374961,98.98208295,18.80791679,18.81625013,4450.076172
198,196,98.98624961,18.81208346,98.98208295,98.99041628,18.80791679,18.81625013,5766.235840
198,197,98.99458295,18.81208346,98.99041628,98.99874961,18.80791679,18.81625013,4190.066895
198,198,99.00291628,18.81208346,98.99874961,99.00708295,18.80791679,18.81625013,4281.127441
199,182,98.86958295,18.80375013,98.86541628,98.87374962,18.79958346,18.80791679,55.862083
199,183,98.87791628,18.80375013,98.87374962,98.88208295,18.79958346,18.80791679,66.806854
199,184,98.88624962,18.80375013,98.88208295,98.89041628,18.79958346,18.80791679,94.375107
199,185,98.89458295,18.80375013,98.89041628,98.89874962,18.79958346,18.80791679,283.205109
199,186,98.90291628,18.80375013,98.89874962,98.90708295,18.79958346,18.80791679,248.331085
199,187,98.91124962,18.80375013,98.90708295,98.91541628,18.79958346,18.80791679,204.660126
199,188,98.91958295,18.80375013,98.91541628,98.92374962,18.79958346,18.80791679,491.762115
199,189,98.92791628,18.80375013,98.92374962,98.93208295,18.79958346,18.80791679,219.192932
199,190,98.93624962,18.80375013,98.93208295,98.94041628,18.79958346,18.80791679,271.129578
199,191,98.94458295,18.80375013,98.94041628,98.94874962,18.79958346,18.80791679,804.069580
199,192,98.95291628,18.80375013,98.94874962,98.95708295,18.79958346,18.80791679,2406.396973
199,193,98.96124961,18.80375013,98.95708295,98.96541628,18.79958346,18.80791679,4262.018066
199,194,98.96958295,18.80375013,98.96541628,98.97374961,18.79958346,18.80791679,4905.650879
199,195,98.97791628,18.80375013,98.97374961,98.98208295,18.79958346,18.80791679,5546.955078
199,196,98.98624961,18.80375013,98.98208295,98.99041628,18.79958346,18.80791679,5923.002441
199,197,98.99458295,18.80375013,98.99041628,98.99874961,18.79958346,18.80791679,5219.019043
199,198,99.00291628,18.80375013,98.99874961,99.00708295,18.79958346,18.80791679,4767.809570
199,199,99.01124961,18.80375013,99.00708295,99.01541628,18.79958346,18.80791679,3838.844238
199,200,99.01958295,18.80375013,99.01541628,99.02374961,18.79958346,18.80791679,3851.928223
200,182,98.86958295,18.79541679,98.86541628,98.87374962,18.79125013,18.79958346,64.530037
200,183,98.87791628,18.79541679,98.87374962,98.88208295,18.79125013,18.79958346,64.608490
200,184,98.88624962,18.79541679,98.88208295,98.89041628,18.79125013,18.79958346,76.279045
200,185,98.89458295,18.79541679,98.89041628,98.89874962,18.79125013,18.79958346,110.680206
200,186,98.90291628,18.79541679,98.89874962,98.90708295,18.79125013,18.79958346,126.154663
200,187,98.91124962,18.79541679,98.90708295,98.91541628,18.79125013,18.79958346,121.200409
200,188,98.91958295,18.79541679,98.91541628,98.92374962,18.79125013,18.79958346,178.419846
200,189,98.92791628,18.79541679,98.92374962,98.93208295,18.79125013,18.79958346,163.855423
200,190,98.93624962,18.79541679,98.93208295,98.94041628,18.79125013,18.79958346,246.102524
200,191,98.94458295,18.79541679,98.94041628,98.94874962,18.79125013,18.79958346,827.818665
200,192,98.95291628,18.79541679,98.94874962,98.95708295,18.79125013,18.79958346,2690.991211
200,193,98.96124961,18.79541679,98.95708295,98.96541628,18.79125013,18.79958346,3513.608887
200,194,98.96958295,18.79541679,98.96541628,98.97374961,18.79125013,18.79958346,4638.518066
200,195,98.97791628,18.79541679,98.97374961,98.98208295,18.79125013,18.79958346,5787.654297
200,196,98.98624961,18.79541679,98.98208295,98.99041628,18.79125013,18.79958346,7051.895996
200,197,98.99458295,18.79541679,98.99041628,98.99874961,18.79125013,18.79958346,6810.819336
200,198,99.00291628,18.79541679,98.99874961,99.00708295,18.79125013,18.79958346,5648.800781
200,199,99.01124961,18.79541679,99.00708295,99.01541628,18.79125013,18.79958346,3677.943848
200,200,99.01958295,18.79541679,99.01541628,99.02374961,18.79125013,18.79958346,4107.080566
201,185,98.89458295,18.78708346,98.89041628,98.89874962,18.78291679,18.79125013,75.570099
201,186,98.90291628,18.78708346,98.89874962,98.90708295,18.78291679,18.79125013,83.382523
201,187,98.91124962,18.78708346,98.90708295,98.91541628,18.78291679,18.79125013,90.049988
201,188,98.91958295,18.78708346,98.91541628,98.92374962,18.78291679,18.79125013,113.419296
201,189,98.92791628,18.78708346,98.92374962,98.93208295,18.78291679,18.79125013,125.562843
201,190,98.93624962,18.78708346,98.93208295,98.94041628,18.78291679,18.79125013,196.290405
201,191,98.94458295,18.78708346,98.94041628,98.94874962,18.78291679,18.79125013,489.683533
201,192,98.95291628,18.78708346,98.94874962,98.95708295,18.78291679,18.79125013,2159.454102
201,193,98.96124961,18.78708346,98.95708295,98.96541628,18.78291679,18.79125013,3299.821777
201,194,98.96958295,18.78708346,98.96541628,98.97374961,18.78291679,18.79125013,4061.101318
201,195,98.97791628,18.78708346,98.97374961,98.98208295,18.78291679,18.79125013,5808.871582
201,196,98.98624961,18.78708346,98.98208295,98.99041628,18.78291679,18.79125013,7112.102051
201,197,98.99458295,18.78708346,98.99041628,98.99874961,18.78291679,18.79125013,7958.399414
201,198,99.00291628,18.78708346,98.99874961,99.00708295,18.78291679,18.79125013,6348.915039
201,199,99.01124961,18.78708346,99.00708295,99.01541628,18.78291679,18.79125013,4612.689453
201,200,99.01958295,18.78708346,99.01541628,99.02374961,18.78291679,18.79125013,4459.199219
202,185,98.89458295,18.77875013,98.89041628,98.89874962,18.77458346,18.78291679,66.150101
202,186,98.90291628,18.77875013,98.89874962,98.90708295,18.77458346,18.78291679,67.294991
202,187,98.91124962,18.77875013,98.90708295,98.91541628,18.77458346,18.78291679,84.861244
202,188,98.91958295,18.77875013,98.91541628,98.92374962,18.77458346,18.78291679,105.428093
202,189,98.92791628,18.77875013,98.92374962,98.93208295,18.77458346,18.78291679,133.252335
202,190,98.93624962,18.77875013,98.93208295,98.94041628,18.77458346,18.78291679,211.184372
202,191,98.94458295,18.77875013,98.94041628,98.94874962,18.77458346,18.78291679,480.982208
202,192,98.95291628,18.77875013,98.94874962,98.95708295,18.77458346,18.78291679,1378.990967
202,193,98.96124961,18.77875013,98.95708295,98.96541628,18.77458346,18.78291679,1929.143799
202,194,98.96958295,18.77875013,98.96541628,98.97374961,18.77458346,18.78291679,2166.483643
202,195,98.97791628,18.77875013,98.97374961,98.98208295,18.77458346,18.78291679,4633.552246
202,196,98.98624961,18.77875013,98.98208295,98.99041628,18.77458346,18.78291679,6777.835938
202,197,98.99458295,18.77875013,98.99041628,98.99874961,18.77458346,18.78291679,6358.746094
202,198,99.00291628,18.77875013,98.99874961,99.00708295,18.77458346,18.78291679,4543.429688
202,199,99.01124961,18.77875013,99.00708295,99.01541628,18.77458346,18.78291679,3103.072998
202,200,99.01958295,18.77875013,99.01541628,99.02374961,18.77458346,18.78291679,3647.968018
203,185,98.89458295,18.77041679,98.89041628,98.89874962,18.76625013,18.77458346,82.592010
203,186,98.90291628,18.77041679,98.89874962,98.90708295,18.76625013,18.77458346,86.618607
203,187,98.91124962,18.77041679,98.90708295,98.91541628,18.76625013,18.77458346,106.291161
203,188,98.91958295,18.77041679,98.91541628,98.92374962,18.76625013,18.77458346,137.138596
203,189,98.92791628,18.77041679,98.92374962,98.93208295,18.76625013,18.77458346,211.805832
203,190,98.93624962,18.77041679,98.93208295,98.94041628,18.76625013,18.77458346,487.205414
203,191,98.94458295,18.77041679,98.94041628,98.94874962,18.76625013,18.77458346,1071.350586
203,192,98.95291628,18.77041679,98.94874962,98.95708295,18.76625013,18.77458346,1460.075073
203,193,98.96124961,18.77041679,98.95708295,98.96541628,18.76625013,18.77458346,1578.809937
203,194,98.96958295,18.77041679,98.96541628,98.97374961,18.76625013,18.77458346,3692.426025
203,195,98.97791628,18.77041679,98.97374961,98.98208295,18.76625013,18.77458346,4850.409180
203,196,98.98624961,18.77041679,98.98208295,98.99041628,18.76625013,18.77458346,4561.127441
203,197,98.99458295,18.77041679,98.99041628,98.99874961,18.76625013,18.77458346,3299.408691
203,198,99.00291628,18.77041679,98.99874961,99.00708295,18.76625013,18.77458346,3953.566895
203,199,99.01124961,18.77041679,99.00708295,99.01541628,18.76625013,18.77458346,2690.047363
203,200,99.01958295,18.77041679,99.01541628,99.02374961,18.76625013,18.77458346,2114.718994
203,201,99.02791628,18.77041679,99.02374961,99.03208295,18.76625013,18.77458346,2887.698242
204,190,98.93624962,18.76208346,98.93208295,98.94041628,18.75791679,18.76625013,786.400574
204,191,98.94458295,18.76208346,98.94041628,98.94874962,18.75791679,18.76625013,1380.512451
204,192,98.95291628,18.76208346,98.94874962,98.95708295,18.75791679,18.76625013,1331.159424
204,193,98.96124961,18.76208346,98.95708295,98.96541628,18.75791679,18.76625013,1530.302979
204,194,98.96958295,18.76208346,98.96541628,98.97374961,18.75791679,18.76625013,3352.737061
204,198,99.00291628,18.76208346,98.99874961,99.00708295,18.75791679,18.76625013,4253.131348
204,199,99.01124961,18.76208346,99.00708295,99.01541628,18.75791679,18.76625013,4023.239502
204,200,99.01958295,18.76208346,99.01541628,99.02374961,18.75791679,18.76625013,2838.933350
